{"cameraMode":{"drawMode":0,"name":"Shaded","section":"Shading Mode"},"sceneLighting":false,"audioPlay":false,"sceneViewState":{"showFog":true,"showMaterialUpdate":false,"showSkybox":false,"showFlares":true,"showImageEffects":true,"showParticleSystems":true},"in2DMode":false,"pivot":{"x":-1.7318084239959717,"y":2.7030181884765627,"z":42.99692153930664},"rotation":{"x":-0.09693192690610886,"y":-0.4024699330329895,"z":0.04290442541241646,"w":-0.909275233745575},"size":6289.96875,"orthographic":false}