{"cameraMode":{"drawMode":0,"name":"Shaded","section":"Shading Mode"},"sceneLighting":false,"audioPlay":false,"sceneViewState":{"showFog":true,"showMaterialUpdate":false,"showSkybox":false,"showFlares":true,"showImageEffects":true,"showParticleSystems":true},"in2DMode":false,"pivot":{"x":-0.15244489908218385,"y":0.28148192167282107,"z":0.08325384557247162},"rotation":{"x":0.17247839272022248,"y":-0.06259960681200028,"z":0.010984143242239952,"w":0.9829608201980591},"size":1.7767724990844727,"orthographic":false}