{"cameraMode":{"drawMode":0,"name":"Shaded","section":"Shading Mode"},"sceneLighting":true,"audioPlay":false,"sceneViewState":{"showFog":true,"showMaterialUpdate":false,"showSkybox":false,"showFlares":true,"showImageEffects":true,"showParticleSystems":true},"in2DMode":false,"pivot":{"x":14.26363754272461,"y":-1.6995189189910889,"z":-11.949034690856934},"rotation":{"x":0.5029148459434509,"y":0.01839296706020832,"z":-0.01073611993342638,"w":0.8640735745429993},"size":12.276555061340332,"orthographic":false}