{"cameraMode":{"drawMode":0,"name":"Shaded","section":"Shading Mode"},"sceneLighting":false,"audioPlay":false,"sceneViewState":{"showFog":true,"showMaterialUpdate":false,"showSkybox":false,"showFlares":true,"showImageEffects":true,"showParticleSystems":true},"in2DMode":false,"pivot":{"x":-1.098725438117981,"y":1.971198558807373,"z":40.31397247314453},"rotation":{"x":-0.29521405696868899,"y":-0.40719330310821535,"z":0.1410362273454666,"w":-0.8527315855026245},"size":3.972430467605591,"orthographic":false}