{"cameraMode":{"drawMode":0,"name":"Shaded","section":"Shading Mode"},"sceneLighting":true,"audioPlay":false,"sceneViewState":{"showFog":true,"showMaterialUpdate":false,"showSkybox":false,"showFlares":true,"showImageEffects":true,"showParticleSystems":true},"in2DMode":false,"pivot":{"x":11.800000190734864,"y":2.8899998664855959,"z":-10.0600004196167},"rotation":{"x":0.4846808910369873,"y":-0.01680614799261093,"z":0.009284382686018944,"w":0.8744803071022034},"size":28.007266998291017,"orthographic":false}