{"cameraMode":{"drawMode":0,"name":"Shaded","section":"Shading Mode"},"sceneLighting":false,"audioPlay":false,"sceneViewState":{"showFog":true,"showMaterialUpdate":false,"showSkybox":false,"showFlares":true,"showImageEffects":true,"showParticleSystems":true},"in2DMode":false,"pivot":{"x":2.720261573791504,"y":0.5411688685417175,"z":0.0},"rotation":{"x":0.47714003920555117,"y":0.18446430563926698,"z":-0.10321476310491562,"w":0.8530281782150269},"size":2.3027734756469728,"orthographic":false}