{"cameraMode":{"drawMode":0,"name":"Shaded","section":"Shading Mode"},"sceneLighting":true,"audioPlay":false,"sceneViewState":{"showFog":true,"showMaterialUpdate":false,"showSkybox":false,"showFlares":true,"showImageEffects":true,"showParticleSystems":true},"in2DMode":false,"pivot":{"x":11.800000190734864,"y":2.072999954223633,"z":-5.510000228881836},"rotation":{"x":0.5959581136703491,"y":-0.12835592031478883,"z":0.09718184173107147,"w":0.7867110967636108},"size":7.101842880249023,"orthographic":false}