{"cameraMode":{"drawMode":0,"name":"Shaded","section":"Shading Mode"},"sceneLighting":false,"audioPlay":false,"sceneViewState":{"showFog":true,"showMaterialUpdate":false,"showSkybox":false,"showFlares":true,"showImageEffects":true,"showParticleSystems":true},"in2DMode":false,"pivot":{"x":11.166028022766114,"y":-0.6983954906463623,"z":6.136580944061279},"rotation":{"x":0.44920745491981509,"y":0.008039947599172593,"z":-0.004043044522404671,"w":0.8933821320533752},"size":5.38718843460083,"orthographic":false}