{"cameraMode":{"drawMode":0,"name":"Shaded","section":"Shading Mode"},"sceneLighting":false,"audioPlay":false,"sceneViewState":{"showFog":true,"showMaterialUpdate":false,"showSkybox":false,"showFlares":true,"showImageEffects":true,"showParticleSystems":true},"in2DMode":false,"pivot":{"x":14.760000228881836,"y":3.700000047683716,"z":-8.729999542236329},"rotation":{"x":-0.047221455723047259,"y":0.6601000428199768,"z":0.04164258763194084,"w":0.7485345602035523},"size":5.275655269622803,"orthographic":false}