{"cameraMode":{"drawMode":0,"name":"Shaded","section":"Shading Mode"},"sceneLighting":true,"audioPlay":false,"sceneViewState":{"showFog":true,"showMaterialUpdate":false,"showSkybox":false,"showFlares":true,"showImageEffects":true,"showParticleSystems":true},"in2DMode":false,"pivot":{"x":6.624190330505371,"y":-2.7667346000671388,"z":15.237787246704102},"rotation":{"x":-0.37251800298690798,"y":0.02783701941370964,"z":-0.011176839470863343,"w":-0.927540123462677},"size":30.891475677490236,"orthographic":false}