{"cameraMode":{"drawMode":0,"name":"Shaded","section":"Shading Mode"},"sceneLighting":false,"audioPlay":false,"sceneViewState":{"showFog":true,"showMaterialUpdate":false,"showSkybox":false,"showFlares":true,"showImageEffects":true,"showParticleSystems":true},"in2DMode":false,"pivot":{"x":-8.072000503540039,"y":2.4356138706207277,"z":0.004999999888241291},"rotation":{"x":0.47714003920555117,"y":0.18446430563926698,"z":-0.10321476310491562,"w":0.8530281782150269},"size":3.147583484649658,"orthographic":false}