{"cameraMode":{"drawMode":0,"name":"Shaded","section":"Shading Mode"},"sceneLighting":false,"audioPlay":false,"sceneViewState":{"showFog":true,"showMaterialUpdate":false,"showSkybox":false,"showFlares":true,"showImageEffects":true,"showParticleSystems":true},"in2DMode":false,"pivot":{"x":-4.548582077026367,"y":-0.0000019073486328125,"z":13.22014045715332},"rotation":{"x":0.5050528645515442,"y":0.012166337110102177,"z":-0.007121595554053783,"w":0.8629732728004456},"size":47.6870002746582,"orthographic":false}