{"cameraMode":{"drawMode":0,"name":"Shaded","section":"Shading Mode"},"sceneLighting":true,"audioPlay":false,"sceneViewState":{"showFog":true,"showMaterialUpdate":false,"showSkybox":false,"showFlares":true,"showImageEffects":true,"showParticleSystems":true},"in2DMode":false,"pivot":{"x":13.592086791992188,"y":-1.716625690460205,"z":-11.950566291809082},"rotation":{"x":0.5029148459434509,"y":0.01839296706020832,"z":-0.01073611993342638,"w":0.8640735745429993},"size":9.29037857055664,"orthographic":false}