{"cameraMode":{"drawMode":0,"name":"Shaded","section":"Shading Mode"},"sceneLighting":false,"audioPlay":false,"sceneViewState":{"showFog":true,"showMaterialUpdate":false,"showSkybox":false,"showFlares":true,"showImageEffects":true,"showParticleSystems":true},"in2DMode":false,"pivot":{"x":-4.661321640014648,"y":3.619713306427002,"z":7.098437309265137},"rotation":{"x":0.20838239789009095,"y":0.026381807401776315,"z":-0.005651306360960007,"w":0.9776752591133118},"size":5.091024398803711,"orthographic":false}