{"cameraMode":{"drawMode":0,"name":"Shaded","section":"Shading Mode"},"sceneLighting":false,"audioPlay":false,"sceneViewState":{"showFog":true,"showMaterialUpdate":false,"showSkybox":true,"showFlares":true,"showImageEffects":true,"showParticleSystems":true},"in2DMode":false,"pivot":{"x":59.382080078125,"y":1.5250996351242066,"z":2.8348701000213625},"rotation":{"x":0.052387967705726626,"y":0.0577860027551651,"z":-0.003036562353372574,"w":0.9969488978385925},"size":1.5592448711395264,"orthographic":true}