{"cameraMode":{"drawMode":0,"name":"Shaded","section":"Shading Mode"},"sceneLighting":true,"audioPlay":false,"sceneViewState":{"showFog":true,"showMaterialUpdate":false,"showSkybox":false,"showFlares":true,"showImageEffects":true,"showParticleSystems":true},"in2DMode":false,"pivot":{"x":5.838778495788574,"y":-9.69886302947998,"z":2.208531618118286},"rotation":{"x":-0.38559022545814516,"y":0.02490757405757904,"z":-0.010413634590804577,"w":-0.9222751259803772},"size":23.13388442993164,"orthographic":false}