{"cameraMode":{"drawMode":0,"name":"Shaded","section":"Shading Mode"},"sceneLighting":false,"audioPlay":false,"sceneViewState":{"showFog":true,"showMaterialUpdate":false,"showSkybox":false,"showFlares":true,"showImageEffects":true,"showParticleSystems":true},"in2DMode":false,"pivot":{"x":6.563012599945068,"y":0.7462671399116516,"z":11.214469909667969},"rotation":{"x":-0.383135586977005,"y":-0.021613987162709237,"z":0.008962870575487614,"w":-0.9233957529067993},"size":29.61345672607422,"orthographic":false}