{"cameraMode":{"drawMode":0,"name":"Shaded","section":"Shading Mode"},"sceneLighting":true,"audioPlay":false,"sceneViewState":{"showFog":true,"showMaterialUpdate":false,"showSkybox":false,"showFlares":true,"showImageEffects":true,"showParticleSystems":true},"in2DMode":false,"pivot":{"x":11.800000190734864,"y":2.890000104904175,"z":-10.0600004196167},"rotation":{"x":0.5831993222236633,"y":0.01583782583475113,"z":-0.011373472400009632,"w":0.8120951056480408},"size":7.876328468322754,"orthographic":false}