{"cameraMode":{"drawMode":0,"name":"Shaded","section":"Shading Mode"},"sceneLighting":false,"audioPlay":false,"sceneViewState":{"showFog":true,"showMaterialUpdate":false,"showSkybox":false,"showFlares":true,"showImageEffects":true,"showParticleSystems":true},"in2DMode":false,"pivot":{"x":-1.980603575706482,"y":-4.5189642906188969,"z":3.992421865463257},"rotation":{"x":-0.46576517820358279,"y":-0.005576692521572113,"z":0.0029357958119362594,"w":-0.8848859071731567},"size":21.82514190673828,"orthographic":false}