{"cameraMode":{"drawMode":0,"name":"Shaded","section":"Shading Mode"},"sceneLighting":false,"audioPlay":false,"sceneViewState":{"showFog":true,"showMaterialUpdate":false,"showSkybox":false,"showFlares":true,"showImageEffects":true,"showParticleSystems":true},"in2DMode":false,"pivot":{"x":-16.3421630859375,"y":0.7144964933395386,"z":-17.95701026916504},"rotation":{"x":0.1357734352350235,"y":0.682209312915802,"z":-0.13113164901733399,"w":0.7063714265823364},"size":9.760309219360352,"orthographic":false}