{"cameraMode":{"drawMode":0,"name":"Shaded","section":"Shading Mode"},"sceneLighting":false,"audioPlay":false,"sceneViewState":{"showFog":true,"showMaterialUpdate":false,"showSkybox":false,"showFlares":true,"showImageEffects":true,"showParticleSystems":true},"in2DMode":false,"pivot":{"x":-95.11651611328125,"y":25.689516067504884,"z":87.61434936523438},"rotation":{"x":0.2695201337337494,"y":0.17215673625469209,"z":-0.049071092158555987,"w":0.9462097883224487},"size":2.302769422531128,"orthographic":false}