{"cameraMode":{"drawMode":0,"name":"Shaded","section":"Shading Mode"},"sceneLighting":true,"audioPlay":false,"sceneViewState":{"showFog":true,"showMaterialUpdate":false,"showSkybox":false,"showFlares":true,"showImageEffects":true,"showParticleSystems":true},"in2DMode":false,"pivot":{"x":11.800000190734864,"y":3.072999954223633,"z":-5.510000228881836},"rotation":{"x":0.2504805326461792,"y":-0.012782879173755646,"z":0.0032916327472776176,"w":0.9680317044258118},"size":6.148728847503662,"orthographic":false}