{"cameraMode":{"drawMode":0,"name":"Shaded","section":"Shading Mode"},"sceneLighting":true,"audioPlay":false,"sceneViewState":{"showFog":true,"showMaterialUpdate":false,"showSkybox":false,"showFlares":true,"showImageEffects":true,"showParticleSystems":true},"in2DMode":false,"pivot":{"x":4.232401371002197,"y":-6.344667434692383,"z":5.525505542755127},"rotation":{"x":-0.38559022545814516,"y":0.02490757405757904,"z":-0.010413634590804577,"w":-0.9222751259803772},"size":23.737873077392579,"orthographic":false}