{"cameraMode":{"drawMode":0,"name":"Shaded","section":"Shading Mode"},"sceneLighting":false,"audioPlay":false,"sceneViewState":{"showFog":true,"showMaterialUpdate":false,"showSkybox":false,"showFlares":true,"showImageEffects":true,"showParticleSystems":true},"in2DMode":false,"pivot":{"x":1.2115803956985474,"y":-0.9999961853027344,"z":0.48244333267211916},"rotation":{"x":0.2504805326461792,"y":-0.012782879173755646,"z":0.0032916327472776176,"w":0.9680317044258118},"size":22.0,"orthographic":false}