{"cameraMode":{"drawMode":0,"name":"Shaded","section":"Shading Mode"},"sceneLighting":true,"audioPlay":false,"sceneViewState":{"showFog":true,"showMaterialUpdate":false,"showSkybox":false,"showFlares":true,"showImageEffects":true,"showParticleSystems":true},"in2DMode":false,"pivot":{"x":2.1704440116882326,"y":0.5152294635772705,"z":4.859749794006348},"rotation":{"x":0.3573722839355469,"y":0.04983711987733841,"z":-0.01910618506371975,"w":0.9324356913566589},"size":5.983863353729248,"orthographic":false}