{"cameraMode":{"drawMode":0,"name":"Shaded","section":"Shading Mode"},"sceneLighting":true,"audioPlay":false,"sceneViewState":{"showFog":true,"showMaterialUpdate":false,"showSkybox":false,"showFlares":true,"showImageEffects":true,"showParticleSystems":true},"in2DMode":false,"pivot":{"x":-51.026615142822269,"y":2.4045236110687258,"z":-41.67884063720703},"rotation":{"x":-0.3976350724697113,"y":-0.09524095058441162,"z":0.04154017195105553,"w":-0.9116414189338684},"size":7.895723819732666,"orthographic":false}