{"cameraMode":{"drawMode":0,"name":"Shaded","section":"Shading Mode"},"sceneLighting":true,"audioPlay":false,"sceneViewState":{"showFog":true,"showMaterialUpdate":false,"showSkybox":false,"showFlares":true,"showImageEffects":true,"showParticleSystems":true},"in2DMode":false,"pivot":{"x":-5.442328453063965,"y":-14.972160339355469,"z":4.722478866577148},"rotation":{"x":-0.6124889254570007,"y":0.017784567549824716,"z":-0.01378208864480257,"w":-0.7901589870452881},"size":43.84932327270508,"orthographic":false}