{"cameraMode":{"drawMode":0,"name":"Shaded","section":"Shading Mode"},"sceneLighting":true,"audioPlay":false,"sceneViewState":{"showFog":true,"showMaterialUpdate":false,"showSkybox":false,"showFlares":true,"showImageEffects":true,"showParticleSystems":true},"in2DMode":false,"pivot":{"x":4.6695380210876469,"y":-4.088726997375488,"z":8.304898262023926},"rotation":{"x":-0.21345248818397523,"y":0.10235947370529175,"z":-0.02243153005838394,"w":-0.9713174104690552},"size":16.16128921508789,"orthographic":false}