{"cameraMode":{"drawMode":0,"name":"Shaded","section":"Shading Mode"},"sceneLighting":true,"audioPlay":false,"sceneViewState":{"showFog":true,"showMaterialUpdate":false,"showSkybox":false,"showFlares":true,"showImageEffects":true,"showParticleSystems":true},"in2DMode":false,"pivot":{"x":3.3096916675567629,"y":-2.798719644546509,"z":-13.317730903625489},"rotation":{"x":-0.33628562092781069,"y":0.10704272240400315,"z":-0.03848358988761902,"w":-0.9348651766777039},"size":26.765453338623048,"orthographic":false}