{"cameraMode":{"drawMode":0,"name":"Shaded","section":"Shading Mode"},"sceneLighting":true,"audioPlay":false,"sceneViewState":{"showFog":true,"showMaterialUpdate":false,"showSkybox":false,"showFlares":true,"showImageEffects":true,"showParticleSystems":true},"in2DMode":false,"pivot":{"x":10.887947082519532,"y":1.2525122165679932,"z":-10.343134880065918},"rotation":{"x":0.5868926048278809,"y":0.05333796888589859,"z":-0.038790758699178699,"w":0.8069742918014526},"size":17.43009376525879,"orthographic":false}