{"cameraMode":{"drawMode":0,"name":"Shaded","section":"Shading Mode"},"sceneLighting":true,"audioPlay":false,"sceneViewState":{"showFog":true,"showMaterialUpdate":false,"showSkybox":false,"showFlares":true,"showImageEffects":true,"showParticleSystems":true},"in2DMode":false,"pivot":{"x":-0.49185705184936526,"y":-1.1397247314453126,"z":-7.686677932739258},"rotation":{"x":-0.5345603227615356,"y":-0.052155718207359317,"z":0.03307785466313362,"w":-0.8428707122802734},"size":45.67719268798828,"orthographic":false}