{"cameraMode":{"drawMode":0,"name":"Shaded","section":"Shading Mode"},"sceneLighting":true,"audioPlay":false,"sceneViewState":{"showFog":true,"showMaterialUpdate":false,"showSkybox":false,"showFlares":true,"showImageEffects":true,"showParticleSystems":true},"in2DMode":false,"pivot":{"x":-1.577194333076477,"y":-2.164304494857788,"z":-2.8638057708740236},"rotation":{"x":0.4050503075122833,"y":0.03153274953365326,"z":-0.013979881070554257,"w":0.9136435985565186},"size":11.171713829040528,"orthographic":false}