{"cameraMode":{"drawMode":0,"name":"Shaded","section":"Shading Mode"},"sceneLighting":true,"audioPlay":false,"sceneViewState":{"showFog":true,"showMaterialUpdate":false,"showSkybox":false,"showFlares":true,"showImageEffects":true,"showParticleSystems":true},"in2DMode":false,"pivot":{"x":0.5872622728347778,"y":-19.87273406982422,"z":-0.31684544682502749},"rotation":{"x":0.6441318392753601,"y":0.0703582838177681,"z":-0.059690143913030627,"w":0.7593293190002441},"size":61.601341247558597,"orthographic":false}