{"cameraMode":{"drawMode":0,"name":"Shaded","section":"Shading Mode"},"sceneLighting":true,"audioPlay":false,"sceneViewState":{"showFog":true,"showMaterialUpdate":false,"showSkybox":false,"showFlares":true,"showImageEffects":true,"showParticleSystems":true},"in2DMode":false,"pivot":{"x":2.546203851699829,"y":9.572376251220704,"z":-4.076162338256836},"rotation":{"x":0.377400279045105,"y":-0.006971445400267839,"z":0.0028090598061680795,"w":0.9260197281837463},"size":10.589736938476563,"orthographic":false}