{"cameraMode":{"drawMode":0,"name":"Shaded","section":"Shading Mode"},"sceneLighting":false,"audioPlay":false,"sceneViewState":{"showFog":true,"showMaterialUpdate":false,"showSkybox":false,"showFlares":true,"showImageEffects":true,"showParticleSystems":true},"in2DMode":false,"pivot":{"x":-0.16725614666938783,"y":-1.8410472869873047,"z":1.2668546438217164},"rotation":{"x":0.5664357542991638,"y":-0.02100943960249424,"z":0.014447389170527459,"w":0.8237113356590271},"size":5.007631301879883,"orthographic":false}