{"cameraMode":{"drawMode":0,"name":"Shaded","section":"Shading Mode"},"sceneLighting":false,"audioPlay":false,"sceneViewState":{"showFog":true,"showMaterialUpdate":false,"showSkybox":false,"showFlares":true,"showImageEffects":true,"showParticleSystems":true},"in2DMode":false,"pivot":{"x":2577.964111328125,"y":87.28909301757813,"z":595.0890502929688},"rotation":{"x":0.07069867849349976,"y":-0.03410946950316429,"z":0.0023777156602591278,"w":0.9969115853309631},"size":1985.0269775390625,"orthographic":false}