{"cameraMode":{"drawMode":0,"name":"Shaded","section":"Shading Mode"},"sceneLighting":false,"audioPlay":false,"sceneViewState":{"showFog":true,"showMaterialUpdate":false,"showSkybox":false,"showFlares":true,"showImageEffects":true,"showParticleSystems":true},"in2DMode":false,"pivot":{"x":0.32931703329086306,"y":0.32077595591545107,"z":-0.4776456952095032},"rotation":{"x":0.3486091196537018,"y":-0.008164617232978344,"z":0.003008411033079028,"w":0.9372278451919556},"size":2.8728437423706056,"orthographic":false}