{"cameraMode":{"drawMode":0,"name":"Shaded","section":"Shading Mode"},"sceneLighting":true,"audioPlay":false,"sceneViewState":{"showFog":true,"showMaterialUpdate":false,"showSkybox":false,"showFlares":true,"showImageEffects":true,"showParticleSystems":true},"in2DMode":false,"pivot":{"x":4.255345821380615,"y":-18.281822204589845,"z":8.747053146362305},"rotation":{"x":0.48994430899620058,"y":0.04259490221738815,"z":-0.023977356031537057,"w":0.8703823089599609},"size":69.40827178955078,"orthographic":false}