{"cameraMode":{"drawMode":0,"name":"Shaded","section":"Shading Mode"},"sceneLighting":true,"audioPlay":false,"sceneViewState":{"showFog":true,"showMaterialUpdate":false,"showSkybox":false,"showFlares":true,"showImageEffects":true,"showParticleSystems":true},"in2DMode":false,"pivot":{"x":-3.6193556785583498,"y":-24.80817222595215,"z":20.102561950683595},"rotation":{"x":-0.3977856934070587,"y":0.13221807777881623,"z":-0.05804629623889923,"w":-0.9060438871383667},"size":71.70822143554688,"orthographic":false}