{"cameraMode":{"drawMode":0,"name":"Shaded","section":"Shading Mode"},"sceneLighting":false,"audioPlay":false,"sceneViewState":{"showFog":true,"showMaterialUpdate":false,"showSkybox":false,"showFlares":true,"showImageEffects":true,"showParticleSystems":true},"in2DMode":false,"pivot":{"x":-0.08513420820236206,"y":-1.191271424293518,"z":0.9840617179870606},"rotation":{"x":0.4394792318344116,"y":-0.14309924840927125,"z":0.07114878296852112,"w":0.8839222192764282},"size":3.4048962593078615,"orthographic":false}