{"cameraMode":{"drawMode":0,"name":"Shaded","section":"Shading Mode"},"sceneLighting":true,"audioPlay":false,"sceneViewState":{"showFog":true,"showMaterialUpdate":false,"showSkybox":false,"showFlares":true,"showImageEffects":true,"showParticleSystems":true},"in2DMode":false,"pivot":{"x":-6.499999523162842,"y":1.119999885559082,"z":-6.499999523162842},"rotation":{"x":0.5029148459434509,"y":0.01839296706020832,"z":-0.01073611993342638,"w":0.8640735745429993},"size":12.463568687438965,"orthographic":false}