{"cameraMode":{"drawMode":0,"name":"Shaded","section":"Shading Mode"},"sceneLighting":true,"audioPlay":false,"sceneViewState":{"showFog":true,"showMaterialUpdate":false,"showSkybox":false,"showFlares":true,"showImageEffects":true,"showParticleSystems":true},"in2DMode":false,"pivot":{"x":-0.17485147714614869,"y":7.034689426422119,"z":-11.478053092956543},"rotation":{"x":0.5574093461036682,"y":-0.03610944375395775,"z":0.024229098111391069,"w":0.8290982842445374},"size":64.40138244628906,"orthographic":false}