{"cameraMode":{"drawMode":0,"name":"Shaded","section":"Shading Mode"},"sceneLighting":false,"audioPlay":false,"sceneViewState":{"showFog":true,"showMaterialUpdate":false,"showSkybox":false,"showFlares":true,"showImageEffects":true,"showParticleSystems":true},"in2DMode":false,"pivot":{"x":-5.691932678222656,"y":-0.995688259601593,"z":6.679715156555176},"rotation":{"x":0.7194451093673706,"y":-0.009586394764482975,"z":0.009928924962878228,"w":0.6944122314453125},"size":37.920066833496097,"orthographic":false}