{"cameraMode":{"drawMode":0,"name":"Shaded","section":"Shading Mode"},"sceneLighting":false,"audioPlay":false,"sceneViewState":{"showFog":true,"showMaterialUpdate":false,"showSkybox":false,"showFlares":true,"showImageEffects":true,"showParticleSystems":true},"in2DMode":false,"pivot":{"x":0.3564049005508423,"y":1.898970127105713,"z":42.64311981201172},"rotation":{"x":0.2905780076980591,"y":0.46340206265449526,"z":-0.1640290766954422,"w":0.8209247589111328},"size":10.950687408447266,"orthographic":false}