{"cameraMode":{"drawMode":0,"name":"Shaded","section":"Shading Mode"},"sceneLighting":false,"audioPlay":false,"sceneViewState":{"showFog":true,"showMaterialUpdate":false,"showSkybox":false,"showFlares":true,"showImageEffects":true,"showParticleSystems":true},"in2DMode":false,"pivot":{"x":-6.505743026733398,"y":-0.23236636817455293,"z":1.1153976917266846},"rotation":{"x":0.16886450350284577,"y":0.03695175424218178,"z":-0.006335285026580095,"w":0.9849259853363037},"size":6.94906759262085,"orthographic":false}