{"cameraMode":{"drawMode":0,"name":"Shaded","section":"Shading Mode"},"sceneLighting":false,"audioPlay":false,"sceneViewState":{"showFog":true,"showMaterialUpdate":false,"showSkybox":true,"showFlares":true,"showImageEffects":true,"showParticleSystems":true},"in2DMode":false,"pivot":{"x":59.27918243408203,"y":2.2547969818115236,"z":3.486642837524414},"rotation":{"x":0.44394993782043459,"y":0.18445447087287904,"z":-0.09392867237329483,"w":0.8718156814575195},"size":1.5374083518981934,"orthographic":false}