{"cameraMode":{"drawMode":0,"name":"Shaded","section":"Shading Mode"},"sceneLighting":false,"audioPlay":false,"sceneViewState":{"showFog":true,"showMaterialUpdate":false,"showSkybox":false,"showFlares":true,"showImageEffects":true,"showParticleSystems":true},"in2DMode":false,"pivot":{"x":9.806026458740235,"y":5.491800785064697,"z":-2.239614486694336},"rotation":{"x":0.29338961839675906,"y":0.1638571321964264,"z":-0.051118917763233188,"w":0.9404575228691101},"size":29.206499099731447,"orthographic":false}