{"cameraMode":{"drawMode":0,"name":"Shaded","section":"Shading Mode"},"sceneLighting":false,"audioPlay":false,"sceneViewState":{"showFog":true,"showMaterialUpdate":false,"showSkybox":false,"showFlares":true,"showImageEffects":true,"showParticleSystems":true},"in2DMode":false,"pivot":{"x":-16.944766998291017,"y":3.9763779640197756,"z":-19.862003326416017},"rotation":{"x":0.511881947517395,"y":0.21836721897125245,"z":-0.1364002823829651,"w":0.8195655345916748},"size":7.834893226623535,"orthographic":false}