{"cameraMode":{"drawMode":0,"name":"Shaded","section":"Shading Mode"},"sceneLighting":true,"audioPlay":false,"sceneViewState":{"showFog":true,"showMaterialUpdate":false,"showSkybox":false,"showFlares":true,"showImageEffects":true,"showParticleSystems":true},"in2DMode":false,"pivot":{"x":1.1286388635635377,"y":1.6057872772216797,"z":-4.527078151702881},"rotation":{"x":0.31980615854263308,"y":0.5073896050453186,"z":-0.2101680189371109,"w":0.772081196308136},"size":47.345924377441409,"orthographic":false}