{"cameraMode":{"drawMode":0,"name":"Shaded","section":"Shading Mode"},"sceneLighting":false,"audioPlay":false,"sceneViewState":{"showFog":true,"showMaterialUpdate":false,"showSkybox":false,"showFlares":true,"showImageEffects":true,"showParticleSystems":true},"in2DMode":false,"pivot":{"x":-0.5389329791069031,"y":3.526977300643921,"z":42.070587158203128},"rotation":{"x":0.3533899784088135,"y":-0.07452390342950821,"z":0.02825474925339222,"w":0.9320748448371887},"size":10.542620658874512,"orthographic":false}