{"cameraMode":{"drawMode":0,"name":"Shaded","section":"Shading Mode"},"sceneLighting":false,"audioPlay":false,"sceneViewState":{"showFog":true,"showMaterialUpdate":false,"showSkybox":false,"showFlares":true,"showImageEffects":true,"showParticleSystems":true},"in2DMode":false,"pivot":{"x":3.020456075668335,"y":4.948221683502197,"z":6.2916975021362309},"rotation":{"x":-0.4825674891471863,"y":0.3729875981807709,"z":-0.23811544477939607,"w":-0.7558504939079285},"size":25.513547897338868,"orthographic":false}