{"cameraMode":{"drawMode":0,"name":"Shaded","section":"Shading Mode"},"sceneLighting":true,"audioPlay":false,"sceneViewState":{"showFog":true,"showMaterialUpdate":false,"showSkybox":false,"showFlares":true,"showImageEffects":true,"showParticleSystems":true},"in2DMode":false,"pivot":{"x":0.8954551219940186,"y":7.275928497314453,"z":1.8623970746994019},"rotation":{"x":-0.4295442998409271,"y":0.10580205917358399,"z":-0.05073004961013794,"w":-0.895390510559082},"size":46.70344543457031,"orthographic":false}