{"cameraMode":{"drawMode":0,"name":"Shaded","section":"Shading Mode"},"sceneLighting":true,"audioPlay":false,"sceneViewState":{"showFog":true,"showMaterialUpdate":false,"showSkybox":false,"showFlares":true,"showImageEffects":true,"showParticleSystems":true},"in2DMode":false,"pivot":{"x":11.800000190734864,"y":2.8899998664855959,"z":-10.0600004196167},"rotation":{"x":0.304458886384964,"y":0.035985060036182407,"z":-0.011538810096681118,"w":0.9517755508422852},"size":28.007266998291017,"orthographic":false}