{"cameraMode":{"drawMode":0,"name":"Shaded","section":"Shading Mode"},"sceneLighting":false,"audioPlay":false,"sceneViewState":{"showFog":true,"showMaterialUpdate":false,"showSkybox":false,"showFlares":true,"showImageEffects":true,"showParticleSystems":true},"in2DMode":false,"pivot":{"x":-0.05301022529602051,"y":-0.07520890235900879,"z":0.1166222095489502},"rotation":{"x":0.45990443229675295,"y":0.0053280917927622799,"z":-0.002757956273853779,"w":0.887948215007782},"size":14.868465423583985,"orthographic":false}