{"cameraMode":{"drawMode":0,"name":"Shaded","section":"Shading Mode"},"sceneLighting":true,"audioPlay":false,"sceneViewState":{"showFog":true,"showMaterialUpdate":false,"showSkybox":false,"showFlares":true,"showImageEffects":true,"showParticleSystems":true},"in2DMode":false,"pivot":{"x":-6.96999979019165,"y":0.2800002098083496,"z":0.9790000915527344},"rotation":{"x":0.2514209449291229,"y":0.13706834614276887,"z":-0.036012474447488788,"w":0.9574460983276367},"size":5.00626277923584,"orthographic":false}