{"cameraMode":{"drawMode":0,"name":"Shaded","section":"Shading Mode"},"sceneLighting":false,"audioPlay":false,"sceneViewState":{"showFog":true,"showMaterialUpdate":false,"showSkybox":false,"showFlares":true,"showImageEffects":true,"showParticleSystems":true},"in2DMode":false,"pivot":{"x":-17.719999313354493,"y":7.65000057220459,"z":-2.7200000286102297},"rotation":{"x":0.14569762349128724,"y":0.048950303345918658,"z":-0.007218032609671354,"w":0.9880911707878113},"size":23.73737335205078,"orthographic":false}