{"cameraMode":{"drawMode":0,"name":"Shaded","section":"Shading Mode"},"sceneLighting":false,"audioPlay":false,"sceneViewState":{"showFog":true,"showMaterialUpdate":false,"showSkybox":false,"showFlares":true,"showImageEffects":true,"showParticleSystems":true},"in2DMode":false,"pivot":{"x":-0.4373118579387665,"y":3.112657308578491,"z":40.510372161865237},"rotation":{"x":0.4386739432811737,"y":0.2895320653915405,"z":-0.1517285257577896,"w":0.8370871543884277},"size":4.846507549285889,"orthographic":false}