{"cameraMode":{"drawMode":0,"name":"Shaded","section":"Shading Mode"},"sceneLighting":true,"audioPlay":false,"sceneViewState":{"showFog":true,"showMaterialUpdate":false,"showSkybox":false,"showFlares":true,"showImageEffects":true,"showParticleSystems":true},"in2DMode":false,"pivot":{"x":-3.5092408657073976,"y":-1.3749266862869263,"z":1.6770615577697755},"rotation":{"x":0.5133523344993591,"y":-0.04732225462794304,"z":0.028365639969706537,"w":0.8564026355743408},"size":18.496267318725587,"orthographic":false}