{"cameraMode":{"drawMode":0,"name":"Shaded","section":"Shading Mode"},"sceneLighting":false,"audioPlay":false,"sceneViewState":{"showFog":true,"showMaterialUpdate":false,"showSkybox":false,"showFlares":true,"showImageEffects":true,"showParticleSystems":true},"in2DMode":false,"pivot":{"x":258.169677734375,"y":345.3316650390625,"z":-4.675000190734863},"rotation":{"x":0.00042936624959111214,"y":0.00002837562897184398,"z":-0.00001585411882842891,"w":0.9999999403953552},"size":740.2816162109375,"orthographic":true}