{"cameraMode":{"drawMode":0,"name":"Shaded","section":"Shading Mode"},"sceneLighting":true,"audioPlay":false,"sceneViewState":{"showFog":true,"showMaterialUpdate":false,"showSkybox":false,"showFlares":true,"showImageEffects":true,"showParticleSystems":true},"in2DMode":false,"pivot":{"x":0.6133794784545898,"y":1.4413455724716187,"z":2.7346415519714357},"rotation":{"x":0.21606427431106568,"y":0.012301798909902573,"z":-0.00272318790666759,"w":0.976297914981842},"size":6.576864242553711,"orthographic":false}