{"cameraMode":{"drawMode":0,"name":"Shaded","section":"Shading Mode"},"sceneLighting":false,"audioPlay":false,"sceneViewState":{"showFog":true,"showMaterialUpdate":false,"showSkybox":false,"showFlares":true,"showImageEffects":true,"showParticleSystems":true},"in2DMode":false,"pivot":{"x":-0.49185705184936526,"y":-1.1397247314453126,"z":-7.686677932739258},"rotation":{"x":0.4541965126991272,"y":0.5315183401107788,"z":-0.41431060433387759,"w":0.5827010273933411},"size":22.0,"orthographic":false}