{"cameraMode":{"drawMode":0,"name":"Shaded","section":"Shading Mode"},"sceneLighting":false,"audioPlay":false,"sceneViewState":{"showFog":true,"showMaterialUpdate":false,"showSkybox":false,"showFlares":true,"showImageEffects":true,"showParticleSystems":true},"in2DMode":false,"pivot":{"x":1.4979009628295899,"y":3.2899999618530275,"z":0.7321157455444336},"rotation":{"x":0.47714003920555117,"y":0.18446430563926698,"z":-0.10321476310491562,"w":0.8530281782150269},"size":64.01659393310547,"orthographic":false}