{"cameraMode":{"drawMode":0,"name":"Shaded","section":"Shading Mode"},"sceneLighting":false,"audioPlay":false,"sceneViewState":{"showFog":true,"showMaterialUpdate":false,"showSkybox":false,"showFlares":true,"showImageEffects":true,"showParticleSystems":true},"in2DMode":false,"pivot":{"x":17.606998443603517,"y":5.156971454620361,"z":14.952040672302246},"rotation":{"x":-0.1356169879436493,"y":-0.2186194211244583,"z":0.030706269666552545,"w":-0.9658523797988892},"size":11.805002212524414,"orthographic":false}