{"cameraMode":{"drawMode":0,"name":"Shaded","section":"Shading Mode"},"sceneLighting":true,"audioPlay":false,"sceneViewState":{"showFog":true,"showMaterialUpdate":false,"showSkybox":false,"showFlares":true,"showImageEffects":true,"showParticleSystems":true},"in2DMode":false,"pivot":{"x":11.800000190734864,"y":3.072999954223633,"z":-5.510000228881836},"rotation":{"x":-0.04928423836827278,"y":-0.6666668653488159,"z":-0.04427722841501236,"w":0.7424054741859436},"size":7.101842880249023,"orthographic":false}